﻿<?xml version="1.0" encoding="utf-8"?>
<Project ToolsVersion="Current" xmlns="http://schemas.microsoft.com/developer/msbuild/2003">
  <PropertyGroup>
    <IncludeCompositeObjects>True</IncludeCompositeObjects>
    <TargetDatabaseName>
    </TargetDatabaseName>
    <DeployScriptFileName>vCX360.UnifiedPortal.Database.sql</DeployScriptFileName>
    <TargetConnectionString>Data Source=VOXH2098L;Integrated Security=True;Persist Security Info=False;Pooling=False;Multiple Active Result Sets=False;Connect Timeout=60;Encrypt=True;Trust Server Certificate=True;Command Timeout=0</TargetConnectionString>
    <ProfileVersionNumber>1</ProfileVersionNumber>
  </PropertyGroup>
</Project>